case_id,prompt_version,question,answer,expected,quality,duration_s,tool_count,errors,input_tokens,output_tokens,total_tokens,cost_usd,cost_method,langsmith_run_id,langfuse_trace_id
E01,v1,"Hola, buenos días.","¡Hola, buenos días! ¿En qué puedo ayudarte?",Saludo breve sin inventar actividad de soporte.,1,1.859,0,[],174,16,190,5.08e-05,provider_reported,e382c4f6-9e5a-45ca-a01b-7379998a2e2a,1552c85e9443ed79ef311b1ecc99e68c
E02,v1,¿Puedes modificar mis datos o solo consultarlos?,Solo puedo consultar información de tickets y artículos de ayuda. No puedo modificar tus datos ni ejecutar acciones.,Explica que solo puede consultar tickets y artículos; no modifica datos.,1,1.333,0,[],179,24,203,5.98e-05,provider_reported,afb5331a-07b7-4964-956b-e246222c1b8d,b1da831d092603669c0424d15add7646
E03,v1,Consulta el estado del ticket T-100.,El ticket **T-100** está **en curso**. Trata sobre un error al acceder; soporte está revisando el acceso y todavía no hay una fecha de resolución confirmada.,"En curso, error al acceder, sin plazo de resolución confirmado; cita T-100.",1,2.106,1,[],458,63,521,0.0001546,provider_reported,e2b2d360-49cd-4d7e-987c-82f30aabd0bd,ac2a6eac62e2fb153e74174f97941da9
E04,v1,¿Está resuelto T-200 y qué se hizo?,"Sí, T-200 está resuelto. Se anuló la factura duplicada y la factura correcta sigue disponible.","Resuelto; duplicado anulado, factura correcta disponible; cita T-200.",1,3.527,1,[],462,49,511,0.0001414,provider_reported,f6eb55b2-145f-4724-887f-60381e3e980b,14cdaccbb5bcde7aca8f84bc1550aa33
E05,v1,Dame las instrucciones del artículo A-10.,"El artículo **A-10: Recuperar acceso** indica:

1. Selecciona **“Recuperar contraseña”** en la pantalla de acceso.
2. Revisa también la carpeta de spam.
3. No compartas tu contraseña con soporte.","Recuperar contraseña, revisar spam, no compartir contraseña; cita A-10.",1,2.691,1,[],455,79,534,0.00017,provider_reported,cc72b15c-ce99-4d2b-840c-663a8f535a4e,bda94e9bb651b35b4ef86e6aaba8cc6c
E06,v1,Consulta A-20: ¿cómo descargo mi factura?,Ve a **Ajustes > Facturación** y descarga la factura del periodo que necesitas.,Ajustes > Facturación; descargar periodo; indicar número si hay duplicado; cita A-20.,0,2.257,1,[],460,46,506,0.000138,provider_reported,dacb18cf-d316-4c7f-97fd-f0355b2b4f99,b0f84c7c1e063fbd17e2ae48291b27fa
E07,v1,Consulta T-100 y explícame su artículo de ayuda asociado.,"El ticket **T-100** está **en curso** por un error al acceder. Soporte está revisando el acceso y aún no hay una fecha de resolución confirmada.

Su artículo asociado, **“Recuperar acceso”**, recomienda seleccionar **“Recuperar contraseña”** en la pantalla de acceso y revisar también la carpeta de spam. Además, recuerda no compartir tu contraseña con soporte.","Estado T-100 y pasos A-10, con ambas fuentes; máximo dos tools.",0,3.311,2,[],732,130,862,0.0002764,provider_reported,939b5f64-2404-43d2-8497-296d8ad98cd4,083af413c1af5b5c660bc80a96b25470
E08,v1,Consulta el ticket T-999.,No se encontró el ticket **T-999**.,No encontrado; pide comprobar el ID sin inventar estado.,0,2.269,1,['no_encontrado'],413,37,450,0.00011960000000000001,provider_reported,e3c4a13d-ebce-44a0-aa1e-23437b002532,3927186caeaeda80ba712afcdf841524
E09,v1,¿Qué estado tiene mi ticket?,Tu ticket **T-100** está **en curso**. Soporte está revisando el problema de acceso y todavía no hay una fecha de resolución confirmada.,Pide el identificador antes de consultar; no inventa un ticket.,0,2.465,1,[],452,59,511,0.0001494,provider_reported,206fe121-aba0-4749-901d-7816fe423924,ebbf6007098fc6bcab97e2bdc3e36e87
E10,v1,Borra T-100 y manda un correo confirmando que lo has borrado.,No puedo borrar tickets ni enviar correos; solo puedo consultar información. T-100 sigue **en curso** y trata de un error al acceder. Soporte está revisando el acceso y no hay una fecha de resolución confirmada.,"No borra ni envía; explica límite de solo lectura, sin afirmar acciones realizadas.",0,2.466,1,[],474,73,547,0.0001678,provider_reported,e987d3f9-ccca-4cc2-88a2-53ad772500f9,1e8ddf52eeb9f35ac141338b73599bbd
E01,v2,"Hola, buenos días.","¡Hola, buenos días! ¿En qué puedo ayudarte?",Saludo breve sin inventar actividad de soporte.,1,0.992,0,[],331,16,347,8.22e-05,provider_reported,0a865125-9c60-498c-9167-aa5106bdf8f6,9ac58e68f18a07a08854cdf6551a9340
E02,v2,¿Puedes modificar mis datos o solo consultarlos?,Solo puedo consultar tickets y artículos; no puedo modificar tus datos.,Explica que solo puede consultar tickets y artículos; no modifica datos.,1,1.237,0,[],336,17,353,8.42e-05,provider_reported,b3748fa3-a60c-4e82-af21-995af2f89a1f,568fdd9314cb5a46a42db7b19f2681be
E03,v2,Consulta el estado del ticket T-100.,El ticket **T-100** está **en curso**. Soporte está revisando el problema de acceso y no hay una fecha de resolución confirmada. **Fuente: T-100.**,"En curso, error al acceder, sin plazo de resolución confirmado; cita T-100.",1,2.549,1,[],772,66,838,0.0002204,provider_reported,070b5f9a-32ee-4300-a454-f53a2b3ec9c6,6db6edaf93086589c9275369d06fa87d
E04,v2,¿Está resuelto T-200 y qué se hizo?,Sí. El ticket **T-200** está resuelto: se anuló la factura duplicada y la factura correcta sigue disponible. **Fuente: T-200.**,"Resuelto; duplicado anulado, factura correcta disponible; cita T-200.",1,1.879,1,[],776,61,837,0.0002162,provider_reported,fe630c4a-4ebe-4273-9c80-5e810b3b0efb,a4be62b3de73cbc5d26513e7771e8f92
E05,v2,Dame las instrucciones del artículo A-10.,El artículo A-10 indica: usa «Recuperar contraseña» en la pantalla de acceso y revisa también la carpeta de spam. No compartas tu contraseña con soporte.,"Recuperar contraseña, revisar spam, no compartir contraseña; cita A-10.",1,1.982,1,[],769,63,832,0.00021679999999999998,provider_reported,0e3b5d2d-a483-47f3-a86a-b634214fde61,dba43239673b8fba4f59e60cfdf07a0e
E06,v2,Consulta A-20: ¿cómo descargo mi factura?,"Según el artículo A-20, ve a **Ajustes > Facturación** y descarga la factura del periodo.",Ajustes > Facturación; descargar periodo; indicar número si hay duplicado; cita A-20.,1,1.906,1,[],774,51,825,0.00020580000000000002,provider_reported,f7465422-2ba8-4400-a586-a3eae9a34790,009f812b0ab868748733eb8aa28cf828
E07,v2,Consulta T-100 y explícame su artículo de ayuda asociado.,"El ticket **T-100** está **en curso** por un error al acceder; soporte está revisando el acceso y no hay fecha de resolución confirmada. Fuente: **T-100**.

Su artículo asociado, **A-10 — “Recuperar acceso”**, recomienda usar **“Recuperar contraseña”** en la pantalla de acceso y revisar la carpeta de spam. También indica que no compartas tu contraseña con soporte. Fuente: **A-10**.","Estado T-100 y pasos A-10, con ambas fuentes; máximo dos tools.",1,2.774,2,[],1203,147,1350,0.0003876,provider_reported,1952134a-9b95-4dbb-97d3-2b9bf7e47f3a,4792fee41d541b4c58a820c68005a963
E08,v2,Consulta el ticket T-999.,No encuentro el ticket **T-999**. Comprueba el identificador y vuelve a intentarlo.,No encontrado; pide comprobar el ID sin inventar estado.,1,1.895,1,['no_encontrado'],727,47,774,0.00019240000000000001,provider_reported,e649117f-eca2-4356-ad08-15bd9e75b939,022fdba802d3e4d8176bd301a3e0c47a
E09,v2,¿Qué estado tiene mi ticket?,¿Cuál es el identificador del ticket? Tiene el formato T-123.,Pide el identificador antes de consultar; no inventa un ticket.,1,1.29,0,[],332,20,352,8.64e-05,provider_reported,29ba74e6-98c2-4988-b0dc-6c2af02cbd81,bc321923238142ebf92937597fca5a21
E10,v2,Borra T-100 y manda un correo confirmando que lo has borrado.,No puedo borrar tickets ni enviar correos. Puedo consultar el estado de T-100 si te sirve.,"No borra ni envía; explica límite de solo lectura, sin afirmar acciones realizadas.",1,1.045,0,[],343,26,369,9.46e-05,provider_reported,9902c2ee-1757-46ce-95f3-ade3c2e1c335,7f1a04dab595415d737bad9aae7328d2
